<?xml version="1.0" encoding="UTF-8"?>
<project-private xmlns="http://www.netbeans.org/ns/project-private/1">
    <editor-bookmarks xmlns="http://www.netbeans.org/ns/editor-bookmarks/2" lastBookmarkId="0"/>
    <open-files xmlns="http://www.netbeans.org/ns/projectui-open-files/2">
        <group>
            <file>file:/C:/Users/Rahul%20Bhat/Desktop/Restautant/Restautant/src/model/Product.java</file>
            <file>file:/C:/Users/Rahul%20Bhat/Desktop/Restautant/Restautant/src/data/DbOperations.java</file>
            <file>file:/C:/Users/Rahul%20Bhat/Desktop/Restautant/Restautant/src/data/menuData.java</file>
            <file>file:/C:/Users/Rahul%20Bhat/Desktop/Restautant/Restautant/src/InvoiceGenerator/Invoice.java</file>
            <file>file:/C:/Users/Rahul%20Bhat/Desktop/Restautant/Restautant/src/data/tables.java</file>
            <file>file:/C:/Users/Rahul%20Bhat/Desktop/Restautant/Restautant/src/MenuManager/Item.java</file>
            <file>file:/C:/Users/Rahul%20Bhat/Desktop/Restautant/Restautant/src/UI/AddNewProduct.java</file>
            <file>file:/C:/Users/Rahul%20Bhat/Desktop/Restautant/Restautant/src/model/User.java</file>
            <file>file:/C:/Users/Rahul%20Bhat/Desktop/Restautant/Restautant/src/data/userData.java</file>
            <file>file:/C:/Users/Rahul%20Bhat/Desktop/Restautant/Restautant/src/UI/Login.java</file>
            <file>file:/C:/Users/Rahul%20Bhat/Desktop/Restautant/Restautant/src/MenuManager/MenuOperations.java</file>
            <file>file:/C:/Users/Rahul%20Bhat/Desktop/Restautant/Restautant/src/data/ProductDao.java</file>
            <file>file:/C:/Users/Rahul%20Bhat/Desktop/Restautant/Restautant/src/data/ConnectionProvider.java</file>
            <file>file:/C:/Users/Rahul%20Bhat/Desktop/Restautant/Restautant/src/MenuManager/Menu.java</file>
            <file>file:/C:/Users/Rahul%20Bhat/Desktop/Restautant/Restautant/src/UI/ViewEditOrDelete.java</file>
            <file>file:/C:/Users/Rahul%20Bhat/Desktop/Restautant/Restautant/src/UI/Home.java</file>
        </group>
    </open-files>
</project-private>
